{"Baseline": 0.5007476635514019, "cvec_lr": {"Train accuracy": 0.9454472630173565, "Test accuracy": 0.8588593399551426}, "tvec_lr": {"Train accuracy": 0.9036315086782376, "Test accuracy": 0.8555751361743031}, "cvec_nb": {"Train accuracy": 0.8951668891855807, "Test accuracy": 0.8522108298622236}, "tvec_nb": {"Train accuracy": 0.8941789052069425, "Test accuracy": 0.849967958987504}, "cvec_rf": {"Train accuracy": 0.9910814419225634, "Test accuracy": 0.8535725728933035}, "tvec_rf": {"Train accuracy": 0.9910814419225634, "Test accuracy": 0.8411566805511054}, "cvec_gb": {"Train accuracy": 0.7655273698264352, "Test accuracy": 0.768423582185197}, "tvec_gb": {"Train accuracy": 0.7658744993324432, "Test accuracy": 0.7673822492790772}, "cvec_svc": {"Train accuracy": 0.9577837116154874, "Test accuracy": 0.8645466196731817}, "tvec_svc": {"Train accuracy": 0.9734846461949266, "Test accuracy": 0.8728772829221403}, "cvec_ensemble": {"Train accuracy": 0.9909479305740988, "Test accuracy": 0.868471643703941}, "tvec_ensemble": {"Train accuracy": 0.9909479305740988, "Test accuracy": 0.868471643703941}, "lm_cvec_rf": {"Train accuracy": 0.9908930669800236, "Test accuracy": 0.8561128024355071}, "lm_cvec_lr": {"Train accuracy": 0.9889434889434889, "Test accuracy": 0.8675692997917}}